{"cameraMode":{"drawMode":0,"name":"Shaded","section":"Shading Mode"},"sceneLighting":false,"audioPlay":false,"sceneViewState":{"m_AlwaysRefresh":false,"showFog":false,"showSkybox":false,"showFlares":false,"showImageEffects":false,"showParticleSystems":false,"showVisualEffectGraphs":true,"m_FxEnabled":true},"in2DMode":false,"pivot":{"x":-0.061113838106393817,"y":1.0872447490692139,"z":-1.6742099523544312},"rotation":{"x":0.007249600253999233,"y":-0.9927704930305481,"z":0.08839742094278336,"w":0.0811937004327774},"size":1.5007754564285279,"orthographic":false}